date,normal,uniform,exponential,poisson
2023-01-01,54.96714153011233,-4.975522532227908,1.236341184337153,8
2023-01-02,48.61735698828815,-6.862964789967992,0.18706282919097914,6
2023-01-03,56.47688538100692,9.092907486309102,0.5715900958138311,3
2023-01-04,65.23029856408026,11.194271794607033,2.0689532170251543,4
2023-01-05,47.658466252766644,-9.052415655230739,8.112253047128231,8
2023-01-06,47.6586304305082,18.086367387310695,4.243728712956564,12
2023-01-07,65.79212815507391,-8.440861490455827,3.594045504940313,6
2023-01-08,57.67434729152909,6.238890059032116,1.7370812851832371,5
2023-01-09,45.30525614065048,11.271815583527491,13.42316171793108,11
2023-01-10,55.42560043585965,16.129073712382567,2.5293151328733416,9
2023-01-11,45.365823071875376,11.422607963972833,0.4556050505828779,4
2023-01-12,45.34270246429743,14.051842492093755,4.79946988104977,5
2023-01-13,52.41962271566034,0.18350577628418208,0.6042797243533146,11
2023-01-14,30.86719755342202,14.444753412395368,2.117303887116328,8
2023-01-15,32.75082167486967,-7.596554608459746,3.5404101485987303,3
2023-01-16,44.37712470759027,16.84449968181583,10.366205011494582,5
2023-01-17,39.87168879665576,6.4277712846120885,3.401614623279765,10
2023-01-18,53.142473325952736,14.518933098874811,6.057652560462551,11
2023-01-19,40.91975924478789,3.5695485355490035,24.68007870989055,10
2023-01-20,35.87696298664709,9.30733085589575,0.7048758295799078,8
2023-01-21,64.65648768921554,5.792079828083397,1.6060669152345084,7
2023-01-22,47.74223699513465,11.947685652659956,2.509131824182375,11
2023-01-23,50.67528204687924,-7.551100539082313,2.73942092760732,5
2023-01-24,35.75251813786544,-8.189437480283086,2.646824387031414,9
2023-01-25,44.556172754748175,-2.5869029796956067,11.908736913559572,10
2023-01-26,51.10922589709866,-5.21365959660435,6.259388080847127,7
2023-01-27,38.490064225776976,16.15350699776605,4.681258338158763,4
2023-01-28,53.75698018345672,-3.42358037925867,1.8507749491469943,6
2023-01-29,43.99361310081195,19.275957674573938,8.680404969388556,5
2023-01-30,47.083062502067236,0.1068737531332058,15.51219196899078,4
2023-01-31,43.98293387770603,-4.536462529339022,8.607389054325331,5
2023-02-01,68.52278184508938,13.690955214274375,0.007831656240208741,7
2023-02-02,49.86502775262066,9.761233265026284,5.058523425335606,6
2023-02-03,39.422890710440996,4.9458714935941686,0.2624457374752228,8
2023-02-04,58.225449121031886,6.660906528128937,1.4893841161123782,11
2023-02-05,37.791563500289776,11.576053348167914,0.30684946790983153,8
2023-02-06,52.08863595004755,-3.146357760061038,4.62912334064396,8
2023-02-07,30.403298761202244,19.89001748170226,5.801213827223802,6
2023-02-08,36.71813951101569,19.243794864403494,0.607944307284065,7
2023-02-09,51.96861235869123,9.509770590408106,2.4212339807468024,8
2023-02-10,57.38466579995411,-4.013726472125646,3.0462044288539465,1
2023-02-11,51.7136828118997,10.406847272938741,2.302667240593697,7
2023-02-12,48.843517176117594,-7.834047730624725,0.6449941183205865,5
2023-02-13,46.98896304410711,-9.080424933825817,2.714573320919404,10
2023-02-14,35.214780096325725,-2.26951334466359,6.955088448640369,3
2023-02-15,42.801557916052914,3.8786887021794882,0.36827395253618056,7
2023-02-16,45.393612290402125,16.048175162251415,0.41788647782379895,4
2023-02-17,60.57122226218915,11.81507209298924,2.190752193682152,4
2023-02-18,53.43618289568462,12.281195635999431,14.212971527639205,7
2023-02-19,32.36959844637266,2.7648000334422598,5.521733194204588,7
2023-02-20,53.24083969394795,0.37804977640888815,5.676432558498414,5
2023-02-21,46.149177195836835,1.1311628895380803,2.246457986449028,12
2023-02-22,43.23077999694041,19.629486912081735,4.502834892867231,7
2023-02-23,56.11676288840868,-8.796724257625526,0.05091426876271543,6
2023-02-24,60.30999522495951,16.010944883673456,5.054326549630213,4
2023-02-25,59.31280119116199,7.360262257171801,12.225754297699062,9
2023-02-26,41.607824767773614,3.1584625756877145,4.741145219464216,5
2023-02-27,46.907876241487855,11.757729812454095,10.345420566187718,10
2023-02-28,53.31263431403564,4.600068242741086,6.436283964535804,7
2023-03-01,59.75545127122359,16.202697142449818,0.6423406851299852,5
2023-03-02,45.2082576215471,17.021055920337755,11.63712057990887,12
2023-03-03,48.14341023336183,2.6516278062036633,0.3437708089506855,7
2023-03-04,38.93665025993972,-1.695166082948452,3.8174992294642345,4
2023-03-05,38.037933759193294,7.770509857800867,0.766555051037578,8
2023-03-06,58.125258223941984,17.370900368500727,0.05887836307241012,4
2023-03-07,63.56240028570823,-3.680134329830002,2.741203428218688,9
2023-03-08,49.27989878419666,8.688997506904485,1.7480760959518882,5
2023-03-09,60.03532897892024,8.946806602775617,3.327664871115796,9
2023-03-10,53.61636025047634,11.993390672458428,4.304278785462037,6
2023-03-11,43.54880245394876,-6.052969446182206,0.2236223312795628,7
2023-03-12,53.61395605508414,11.474748940462657,0.6562602194234074,6
2023-03-13,65.38036566465969,17.27097561996923,4.089499198641233,7
2023-03-14,49.64173960890049,-4.609506733892741,2.1016300809552897,6
2023-03-15,65.64643655814007,-2.8737002522836708,6.531384192807291,6
2023-03-16,23.802548959102555,19.141852821249188,5.2819561062585505,14
2023-03-17,58.21902504375224,-4.570691418715307,9.341184497486841,10
2023-03-18,50.870470682381715,15.631552801087373,5.896284320513487,5
2023-03-19,47.009926495341325,4.768335693441044,2.809990043020031,5
2023-03-20,50.91760776535502,-2.583067767904689,5.588465205528075,8
2023-03-21,30.124310853991073,16.122497038175343,1.6105475999006464,7
2023-03-22,47.80328112162488,3.3591576500799647,1.8286757394049724,7
2023-03-23,53.57112571511746,5.444520617890706,7.779134079251586,2
2023-03-24,64.77894044741517,0.7770010819929709,2.9567406445783764,4
2023-03-25,44.81729781726352,7.788525543047822,8.006861151346733,7
2023-03-26,41.91506397106812,-5.0942838224493165,8.641737171109364,3
2023-03-27,44.982429564154636,1.7324460995528206,9.744254161289728,4
2023-03-28,59.15402117702074,19.082369670058625,12.422647754965885,10
2023-03-29,53.287511096596845,-2.2559970189661733,2.8192443534990463,8
2023-03-30,44.70239796232961,9.702099936238767,1.919987120715736,5
2023-03-31,55.13267433113356,-0.24429807325915398,4.3637471492504165,8
2023-04-01,50.9707754934804,13.204193770598021,2.31949091486295,4
2023-04-02,59.68644990532889,-6.073790178449505,4.5948988053763165,3
2023-04-03,42.979469061226474,19.09463135235634,6.1138393618473055,8
2023-04-04,46.723378534022316,3.6136862415091784,5.830255353370436,9
2023-04-05,46.078918468678424,-2.9184860996060813,2.3464425212038993,9
2023-04-06,35.364850518678814,-7.79509758009962,0.9127691290240819,8
2023-04-07,52.96120277064576,-4.907262847373778,2.815240067989305,7
2023-04-08,52.610552721798896,5.59321845668053,0.7692194749305026,8
2023-04-09,50.05113456642461,0.11009529293858833,11.040787202685333,12
2023-04-10,47.65412866624853,14.866500976478285,2.1223028808697,6
2023-04-11,35.84629257949586,2.9266257098541786,0.8388975176259995,7
2023-04-12,45.79354677234641,-2.538571822371103,0.1288857719833833,2
2023-04-13,46.572854834732304,8.514349598120901,5.189783790103037,5
2023-04-14,41.97722730778381,11.203316506563375,5.0654169149841,8
2023-04-15,48.387142883339905,-4.988742762971504,2.082156335553708,6
2023-04-16,54.040508568145384,-4.97142351135047,0.3720656488813726,9
2023-04-17,68.8618590121053,-8.89985719199371,2.635019740558731,5
2023-04-18,51.74577812831839,12.092060451969214,1.8641486276414165,6
2023-04-19,52.57550390722764,9.914135828654153,5.652382615793508,8
2023-04-20,49.25554084233833,4.2389262724944174,4.654221230029178,3
2023-04-21,30.812287847009586,15.325113469075912,2.2674534327944587,9
2023-04-22,49.73486124550783,14.170104588501594,1.2288157461212414,3
2023-04-23,50.60230209941027,7.5606309319025655,22.12925154682265,10
2023-04-24,74.63242112485287,16.04813841539776,3.0256963623264688,6
2023-04-25,48.076390352188774,-3.8247636988969527,5.828157192596624,8
2023-04-26,53.015473423336125,-6.642411418068164,0.7573304104734127,7
2023-04-27,49.65288230294757,-1.9075116544903121,3.323670411344603,4
2023-04-28,38.31321962380468,-8.287394317320555,0.13961481211462656,6
2023-04-29,61.42822814515021,5.935085840030961,3.5205868473535102,11
2023-04-30,57.519330326867745,18.098170768848846,16.623599942560745,5
2023-05-01,57.910319470430466,-8.81969377994471,2.4242197239737098,6
2023-05-02,40.906125452052606,-6.336702579699196,0.19888360387391568,8
2023-05-03,64.02794310936099,3.565970848503058,0.15722522362918268,6
2023-05-04,35.98148937207719,18.016250525837147,2.4550068131504075,7
2023-05-05,55.868570938002705,-0.5153168506974843,0.8719153692556543,8
2023-05-06,71.90455625809979,5.2170442606517735,0.1181453854060028,5
2023-05-07,40.09463674869312,-8.752814228488237,7.057314520714552,7
2023-05-08,44.33702270397228,-5.549703971137334,3.0672735222690766,7
2023-05-09,50.99651365087641,19.598903688765407,1.707135864146678,8
2023-05-10,44.96524345883801,18.953560893081367,11.517086346607716,10
2023-05-11,34.493365689338674,-9.851800571967711,0.6172771174893266,9
2023-05-12,50.68562974806027,18.55435356269717,15.608612740704872,6
2023-05-13,39.37696286273895,9.17359813446501,1.8841456774526313,6
2023-05-14,54.73592430635182,16.037548835600663,10.96433567784054,10
2023-05-15,40.80575765766197,3.6421956690157735,4.618375603423861,8
2023-05-16,65.4993440501754,5.467880857377507,8.76386775688192,7
2023-05-17,42.16746707663763,4.665397407707605,20.679947980001412,3
2023-05-18,46.77938483794324,10.005927726383131,1.7012348244930584,7
2023-05-19,58.135172173696695,-5.8104623573106124,16.238368329798273,6
2023-05-20,37.69135683566045,-9.100792303819661,2.467236648458109,2
2023-05-21,52.27459934604129,-0.7621017522642717,2.434828616049801,6
2023-05-22,63.07142754282428,11.1404228820994,2.080510688152398,4
2023-05-23,33.92516765438772,-3.944396436311549,3.897967484469401,7
2023-05-24,51.84633858532304,10.20297299974752,0.837036899559433,3
2023-05-25,52.598827942484235,19.097361383218114,4.033948211457837,4
2023-05-26,57.8182287177731,-7.182978526317449,3.901208940447564,7
2023-05-27,37.63049289121918,10.178063546753787,7.175360691532479,7
2023-05-28,36.795433869157236,3.3125065791371338,8.968305238542268,10
2023-05-29,55.21941565616898,16.044267631325162,2.9030346577253274,10
2023-05-30,52.96984673233186,-4.685506316578422,1.8000686241447332,8
2023-05-31,52.504928503458764,10.778778566784936,1.5010335452106864,10
2023-06-01,53.46448209496975,15.143458689443307,1.0822291355506095,8
2023-06-02,43.19975278421509,18.3384265842207,0.29687978904190404,10
2023-06-03,52.322536971610035,10.497440848689376,2.096156992084949,5
2023-06-04,52.93072473298681,4.915242920252819,1.5752505335258449,6
2023-06-05,42.85648581973632,8.535417206036414,16.968733912148302,7
2023-06-06,68.65774511144757,16.067149534361548,4.078934248270577,9
2023-06-07,54.73832920911788,7.11829239916489,2.1330124775855044,4
2023-06-08,38.08696502797351,-9.088388209094894,4.343072618112863,5
2023-06-09,56.5655360863383,17.928460865209335,0.7494462875107238,6
2023-06-10,40.253183297726785,10.685802530946834,2.935328367214515,6
2023-06-11,57.87084603742452,10.295401573317395,4.920631028910057,10
2023-06-12,61.58595579007404,-3.529745428068485,3.3559288548973756,7
2023-06-13,41.7931768164829,9.766564106979715,2.56897347427876,13
2023-06-14,59.63376129244322,1.8159321696247552,25.455206319712303,7
2023-06-15,54.12780926936498,9.536989311244763,10.614450001233983,8
2023-06-16,58.2206015999449,-6.802209090760279,4.8829374190340396,7
2023-06-17,68.96792982653947,9.73535913809108,4.212615601905684,6
2023-06-18,47.54611883997129,19.982411773119996,4.846618216599771,11
2023-06-19,42.4626383564251,-8.55363883418332,1.1239251629289253,12
2023-06-20,41.10485570374477,19.31522552663952,2.513772608450984,6
2023-06-21,41.841897150345616,2.2072388216861185,0.20129583182880106,9
2023-06-22,49.228982905858956,16.122603510117774,3.2269881452178977,12
2023-06-23,53.41151974816644,13.471564521748203,3.9156284187648724,7
2023-06-24,52.766907993300194,7.010487829600034,1.2922330272947287,5
2023-06-25,58.27183249036024,12.153476277539795,16.62518985949888,10
2023-06-26,50.13001891877907,16.355466839040435,12.009520086993215,8
2023-06-27,64.53534077157317,2.1242096495309895,6.403247667618976,10
2023-06-28,47.35343166762044,-0.18900515310283872,3.8112713153296625,5
2023-06-29,77.20169166589619,10.027801566907542,10.199918115913103,0
2023-06-30,56.25667347765006,14.235378258237759,0.7000608453811547,5
2023-07-01,41.42842443583717,12.868554043298474,7.815391457141175,9
2023-07-02,39.29107501938888,13.934409465759035,0.6666331477601193,3
2023-07-03,54.824724152431855,3.0674994443879893,7.904511335870843,4
2023-07-04,47.76537214674149,14.535026485250647,1.6132144989567132,6
2023-07-05,57.14000494092092,-6.393728338881747,10.481538129752245,11
2023-07-06,54.73237624573545,6.334672938825488,14.415777731750818,2
2023-07-07,49.271710873431275,-9.827240185056352,0.8055171260730478,3
2023-07-08,41.532062819315954,-0.2624251029918909,3.105766397295583,4
2023-07-09,34.851527753141355,0.9938460461419361,19.813261065714855,8
2023-07-10,45.53485047932979,1.8851807482776621,3.302503962436906,5
2023-07-11,58.56398794323472,10.864016200695865,9.958894376326063,4
2023-07-12,52.14093744130204,1.6567430381103723,4.4425452346212495,8
2023-07-13,37.542612212880115,3.460808678675919,2.352658106401821,8
2023-07-14,51.73180925851182,-2.8736760737701763,1.6828460953003797,6
2023-07-15,53.85317379728837,1.1975537488802033,1.135902764541932,7
2023-07-16,41.16142563798867,-3.1819111821054555,7.173185146084777,3
2023-07-17,51.53725105945528,-7.804122286946691,2.4432052140118796,5
2023-07-18,50.58208718446,8.103457801441337,3.5797813280703106,8
2023-07-19,38.57029702169377,10.046383956650487,3.3895737270445454,8
2023-07-20,53.577873603482836,8.584710380288435,4.305214805867751,7
2023-07-21,55.60784526368234,3.9048213140171697,10.033824089565735,5
2023-07-22,60.830512431752766,1.3935734053768947,19.748453956678414,7
2023-07-23,60.53802052034903,15.900009487154758,2.6177327012433342,6
2023-07-24,36.22330632042909,5.572453554086541,8.787338709486766,4
2023-07-25,40.62174960084877,4.375456328891929,7.230811982512932,3
2023-07-26,55.1503526720866,-9.230738025806929,4.2610539792233135,6
2023-07-27,55.13785950912209,0.23743482878469102,15.623188325989673,9
2023-07-28,55.150476863060476,1.4058685635757122,1.1186843585222508,8
2023-07-29,88.52731490654722,1.9646834269070155,0.5785371390988225,10
2023-07-30,55.70890510693167,7.405171076819968,9.619440954463931,13
2023-07-31,61.35565640180599,6.008076401806353,2.8915073097373822,9
2023-08-01,59.54001763493203,8.237152783803339,9.385569055162966,12
2023-08-02,56.51391251305798,12.94649784626385,11.178849196435586,3
2023-08-03,46.84730755359654,14.389572161482803,0.322466443437917,6
2023-08-04,57.589692204932675,11.543692286794833,10.747807940351615,10
2023-08-05,42.27174785462428,18.665710878648042,2.9739269933421237,8
2023-08-06,47.63181393259991,-9.453022519709151,3.571164541230529,8
2023-08-07,45.14636452170897,-4.126660429493617,4.92542496042651,5
2023-08-08,50.81874139386323,-9.773113750655737,13.044369797823878,8
2023-08-09,73.14658566673509,9.42424142463809,0.09650584682792922,11
2023-08-10,31.32734807408252,16.94091646849961,3.2393728196891165,8
2023-08-11,56.86260190374514,-2.695531102711022,5.8193079906682925,6
2023-08-12,33.87284128810349,17.8110363438892,6.4134020877255224,7
2023-08-13,45.280681342105666,-8.191978291313175,5.896928328555539,5
2023-08-14,60.889505969673664,18.03308080416543,0.7218647779765466,7
2023-08-15,50.64280019095463,0.5486806171890315,1.7790593565488702,4
2023-08-16,39.22255222070694,-6.957375146523504,2.2214106120466734,5
2023-08-17,42.84696290740032,4.576152775589769,8.159368813932607,3
2023-08-18,56.79597748934676,-2.2967029683847615,1.63391574588316,5
2023-08-19,42.69633368282864,-1.4538129411423153,1.1830754561812427,6
2023-08-20,52.16458589581975,-0.7813010522114023,15.78514434475004,12
2023-08-21,50.45571839903814,14.090776934979903,0.044513988361426185,7
2023-08-22,43.483996523941826,6.174838300257633,30.644114969520434,4
2023-08-23,71.43944089325325,-0.6607690253198903,5.647749272183766,7
2023-08-24,56.33919022318011,8.31001349932755,8.81496508219185,9
2023-08-25,29.74857413342393,11.484520226695807,1.745088792524603,9
2023-08-26,51.86454314769428,-1.8212799779939868,0.0720936486900576,5
2023-08-27,43.38213535231612,2.4064730457605457,6.694564392173502,4
2023-08-28,58.52433334796224,-6.343417199891573,8.983194682467005,5
2023-08-29,42.07479261567299,-4.5655195139595905,6.744533017740471,11
2023-08-30,48.85263558533101,10.433535618949485,0.7707134085511085,8
2023-08-31,55.049872789804574,-4.556849569131192,7.000504618021271,11
2023-09-01,58.657551941701215,5.7549015100118055,7.325016738640082,7
2023-09-02,37.997035929442234,11.27138785167298,5.372631236659405,5
2023-09-03,46.654987641590516,-6.793692307157685,7.264648628462066,9
2023-09-04,45.25054688839044,7.019366588867108,9.351463373394024,8
2023-09-05,43.46670767426288,-2.3031164889590876,4.754464121564652,10
2023-09-06,67.65454240281096,18.887806257127394,0.4638928619745787,7
2023-09-07,54.049817109609556,4.506369401597741,3.343519918938111,7
2023-09-08,37.391160456649544,14.179776493254742,0.40414898287162665,7
2023-09-09,59.17861947054776,6.506796264687853,2.6173851741266763,8
2023-09-10,71.22156197012633,-8.697624014355425,2.6137023652531557,4
2023-09-11,60.32465260551147,8.994541267820672,0.3414469028677538,5
2023-09-12,34.80630034045987,18.54210026619971,2.1448499864969035,6
2023-09-13,45.15765927133749,8.048354604389935,0.5882795243903626,11
2023-09-14,62.669111491866225,14.575665782803707,8.257428550377401,6
2023-09-15,42.92330534381219,16.526193900452235,14.752649925309992,4
2023-09-16,54.43819428146229,-3.1576068415320258,0.3753231686622788,8
2023-09-17,57.74634053429337,-3.6386548027532006,15.518281170343428,6
2023-09-18,40.730695284219166,8.329429665529752,3.6967577469438058,9
2023-09-19,49.404746439382,2.3308540942011415,1.7802733813930103,12
2023-09-20,17.58732659930927,15.195839086001609,0.3998831236978604,9
2023-09-21,39.756123586657104,17.000693701940335,3.471982483856968,3
2023-09-22,47.4743184860684,0.6026413790815432,7.9119244509880895,11
2023-09-23,37.52216818035151,-2.893883230765538,6.139389288918249,7
2023-09-24,66.32411303931636,13.415765457315853,0.2576561474802323,9
2023-09-25,35.69858622039367,-1.7558189335559167,0.3784791202912624,5
2023-09-26,45.599555133030165,14.67842955541035,2.5781296560804385,9
2023-09-27,51.30740577286091,2.7121476094628854,1.749848046900245,6
2023-09-28,64.41273289066116,10.026496978744113,1.3223304586627975,5
2023-09-29,35.6413784882056,-7.133940584959955,1.649500892277558,6
2023-09-30,61.63163752154959,8.71577974029719,8.13502515578358,6
2023-10-01,50.10233061019587,3.553030362116873,13.24146297271714,7
2023-10-02,40.18491348952049,7.598253895264222,2.596832420887668,9
2023-10-03,54.62103474263271,-4.959573767654097,11.82821034121445,11
2023-10-04,51.9905969557347,12.106212348325464,1.9393223202862477,9
2023-10-05,43.99783122841205,15.883912326296855,3.235489429947621,7
2023-10-06,50.69802084990019,-3.49780599727673,1.2811043548639431,5
2023-10-07,46.1468640313824,-7.128563334395148,5.114872309857724,11
2023-10-08,51.13517345251248,-9.290842418609909,19.31166983988161,4
2023-10-09,56.62130674521047,9.259145013297982,4.62530912905048,6
2023-10-10,65.86016816145352,8.212821082663424,2.214387143033421,5
2023-10-11,37.62184501173151,6.400922381422099,5.218028092377419,6
2023-10-12,71.33033374656267,-3.0415871165207378,0.6557892212615534,8
2023-10-13,30.479122004774982,1.7271798771654403,10.975792178331531,8
2023-10-14,48.482149049644164,7.834290055585193,3.496670911016173,10
2023-10-15,55.883172064845766,4.903005765775081,2.983277059530509,8
2023-10-16,52.809918677350325,19.63356560644662,4.407813802699802,8
2023-10-17,43.77300480179406,-5.906807423298006,4.901265265759135,7
2023-10-18,47.918777496427246,10.854336621427812,0.37240993627832486,7
2023-10-19,45.06999065341167,2.1295630431287638,5.7382336476219,9
2023-10-20,44.106352430557884,2.845988447768443,1.3849088294575522,8
2023-10-21,58.496020970210246,11.527932969745287,6.2579893063476675,5
2023-10-22,53.57015485965047,10.77308453973109,8.644903569908596,3
2023-10-23,43.070904047393455,19.73767981106565,8.147144729977397,6
2023-10-24,58.995998754332504,-6.148171316376243,4.020404515374513,8
2023-10-25,53.072995208766095,-6.87671051847501,3.671615900233151,11
2023-10-26,58.1286211883896,11.730164513862235,0.7708631748212545,7
2023-10-27,56.29628841923612,7.351607510192274,7.465972538187141,7
2023-10-28,41.710049890779274,-1.7751800032058238,1.5832163455430326,7
2023-10-29,44.39818959803031,-7.617418930330402,3.432798854498613,9
2023-10-30,57.472936051232615,-7.430252512107084,1.6722899833187106,8
2023-10-31,56.10370265433465,16.825726239923547,0.718360974536481,7
2023-11-01,49.79098406035852,-4.243980258437713,4.965287867379612,4
2023-11-02,51.17327383308782,-0.29885313653437784,0.27931879862958187,4
2023-11-03,62.77664895788425,-3.200307933190359,6.904449639590402,9
2023-11-04,44.0842861116417,0.649889174958119,1.9105996627694828,13
2023-11-05,55.470973811700375,-7.917284717617199,0.0006735103820133685,12
2023-11-06,47.97807347566106,5.57179372724811,3.5782845640222263,6
2023-11-07,47.8231879677278,-7.971623092233553,0.23992496180626088,4
2023-11-08,60.9877685198719,14.010695234670848,1.6159905495488984,6
2023-11-09,58.2541634898803,-2.988637542687009,6.137512127966616,11
2023-11-10,58.135096360006386,6.200357438135317,0.32370402329413395,7
2023-11-11,63.05478807154329,16.402372626843746,9.142277821073932,8
2023-11-12,50.21003841632759,9.526321071415826,0.019136185981980285,2
2023-11-13,56.81952971294964,5.988733596540058,1.4172808654574776,10
2023-11-14,46.89733243406544,-0.269987406538732,6.752784231555521,12
2023-11-15,53.24166352488442,-0.00994260825406279,1.9009619755987486,2
2023-11-16,48.698569456323156,10.084608655945704,0.5373269137189676,6
2023-11-17,50.96995964992718,19.824180836635026,2.23326333782404,6
2023-11-18,55.95157025436914,9.855175695481357,1.5762481924437801,4
2023-11-19,41.81779316766527,6.733502521100746,9.248380685685145,8
2023-11-20,70.9238727568546,11.919515307177384,1.8796377264691988,9
2023-11-21,39.93982618500298,3.9561683685115447,7.777885788656754,11
2023-11-22,37.85811387212268,-8.195729721976443,11.122204538520142,8
2023-11-23,61.581108735000676,6.8689044763372955,2.8441933627164815,6
2023-11-24,57.91662693962936,18.728758535161408,12.036570365805982,9
2023-11-25,56.24119817052155,-4.740911729270211,2.3685970527975804,8
2023-11-26,56.2834550926428,10.700146724619973,16.63208476084358,8
2023-11-27,49.87753227153085,-3.9719893402283057,0.46765120906180757,4
2023-11-28,41.02745628514168,6.0748305341924365,5.808068223299942,4
2023-11-29,50.75804558193726,-7.099706510598411,3.404255841155766,6
2023-11-30,43.22838288487888,3.511128087745554,2.4522465688125656,12
2023-12-01,59.75119733417751,12.684899866857382,5.008043337026638,9
2023-12-02,48.52942618497861,0.42714572716946186,6.084565713175621,5
2023-12-03,41.745028032074885,9.94735173461654,0.021864082458732063,4
2023-12-04,46.78614158347007,13.863498823691877,0.913326611856045,5
2023-12-05,54.12931454275624,17.815334584383578,6.242167656343332,9
2023-12-06,44.36275447196025,-2.9607375443363937,5.488844425837361,9
2023-12-07,41.77779604433569,1.9794774742792445,16.913964705202705,7
2023-12-08,52.436872114919126,-5.427519600087477,7.157249288783703,4
2023-12-09,52.44966571108723,19.774505064751256,15.056535441884396,7
2023-12-10,44.9305682462887,17.81002903772886,6.062386014385437,7
2023-12-11,45.289616943816775,6.198713908416789,1.7694812450163242,12
2023-12-12,52.32049937357636,15.260998831292639,0.5566968910601795,10
2023-12-13,35.51915658502676,5.628739318161266,7.612262880572404,5
2023-12-14,35.92536225623445,8.707570640082793,5.166218987260125,5
2023-12-15,42.81555778747564,-7.326267036519502,0.24692827225770997,7
2023-12-16,47.86552848288153,12.658112614904237,2.231829793538785,6
2023-12-17,53.10907565598005,-6.1685954909429555,15.709552562720573,7
2023-12-18,64.75356216949552,14.782028907575853,3.4697489699417523,4
2023-12-19,58.576596232020194,13.460842630111578,2.8345918753627455,11
2023-12-20,48.40061470036573,11.262340932289295,3.0596759852499944,2
2023-12-21,49.80983792097311,-8.915188584257137,1.1715452962629789,9
2023-12-22,39.97470635362191,-0.9061493216401413,2.2999272627958507,2
2023-12-23,49.8148686400761,-2.1066229026747143,2.308695422260187,9
2023-12-24,47.11341361079862,0.8040922241455721,0.26887670368048905,7
2023-12-25,53.227185603380896,-7.370717597084844,7.295779858065249,4
2023-12-26,41.727690564476774,18.108734690931882,2.693592113318849,6
2023-12-27,55.193465142411725,6.61406722137129,8.63491419891449,4
2023-12-28,65.32738913002578,-0.8342706802592943,9.497213438694287,6
2023-12-29,48.91239851543143,1.909445512228503,1.1912482217703124,5
2023-12-30,54.01711722098941,3.41607621514507,5.355279617356548,4
2023-12-31,56.90143991711113,8.01783000081852,3.195964288803716,9
2024-01-01,45.987795281141636,5.470382830894934,10.607852696511799,7
2024-01-02,52.24092481810417,17.58175919643252,1.2150777348314863,4
2024-01-03,50.12592400781795,4.908904487174908,5.6631188919172235,7
2024-01-04,50.97676098548832,19.76474044469938,4.679306489215451,6
2024-01-05,42.26990216144534,15.542748732352873,1.7499259769507949,14
2024-01-06,50.245101742589426,-3.7446845692799258,0.7343912124034377,8
2024-01-07,54.979982912454496,17.91785643931749,5.272590817927142,3
2024-01-08,64.51143607795042,-6.509008063435717,6.7084687689273546,7
2024-01-09,59.59270826085207,14.523491254735749,1.8962634533008838,9
2024-01-10,71.53182457511556,1.418698804297403,5.175830313402491,10
2024-01-11,42.326524371119504,16.339229613352085,2.5137161029068373,9
2024-01-12,58.723206367206785,16.041700703223512,6.2449708541637525,8
2024-01-13,51.83342005738352,14.177762003528635,1.110815628530355,10
2024-01-14,71.89802933217672,13.700913089211841,11.046156976364959,7
2024-01-15,41.91701714644849,-0.8596258270587764,1.6942424636730937,6
2024-01-16,41.602781578192236,-7.572421508462435,2.2926365759416947,3
2024-01-17,44.00607354555978,2.089405362954844,0.2992381142185304,6
2024-01-18,28.76104275690193,-4.79426455040474,0.5911718817835567,6
2024-01-19,44.74244978319239,10.84853266707385,3.6269254399420303,5
2024-01-20,42.40867338446302,0.3829917961335667,1.5570923361286229,9
2024-01-21,51.50393786476208,19.268306025797447,9.023622538735031,8
2024-01-22,53.41755975777159,9.229162320359961,0.07401202847220853,10
2024-01-23,68.76170839215887,14.674416909030828,2.3828782782735356,7
2024-01-24,59.5042383818605,-6.024259817744547,2.057508056708215,11
2024-01-25,44.23096344337597,15.860434468178678,0.09758425834938557,7
2024-01-26,41.01585328651642,17.68271571540183,0.6640491165229435,10
2024-01-27,54.919191715065054,4.611857564568076,2.669129527378727,5
2024-01-28,36.797667929793576,8.187588132529324,3.39488609616996,10
2024-01-29,68.31458765854353,12.944294027089864,2.5900044161986098,4
2024-01-30,61.79440120721287,-4.754841182187624,3.785098187566613,9
2024-01-31,45.30824347895295,5.0769822939032725,4.520966939817584,5
2024-02-01,32.868654709091224,1.9598908331693927,0.049866952290763586,7
2024-02-02,63.538723741654124,-5.608780235132526,3.1189933498330946,11
2024-02-03,48.85460154747382,1.026032668745943,16.55211110504819,4
2024-02-04,62.378163119734616,-7.954830718435193,3.6597756079241277,8
2024-02-05,34.05572341205633,-9.22564279151539,5.658916066119483,4
2024-02-06,44.00624977046227,-5.945011325355317,1.8688428984494019,4
2024-02-07,50.05243699718183,18.893453347675216,7.435910653354988,9
2024-02-08,50.46980593764742,6.485886076850509,7.4122971324483995,7
2024-02-09,45.49934528520756,18.9746648345966,3.683364631013783,4
2024-02-10,56.228499323474985,2.9749363499039596,18.651387922679223,7
2024-02-11,39.32379570617405,-0.6455160074422128,0.6708020364218745,9
2024-02-12,48.576205149787064,5.184255885207323,0.085464600292336,5
2024-02-13,51.20295631711899,3.1853506589873035,7.351820419798914,5
2024-02-14,55.14438834058749,-6.830059472147683,8.22935654032973,5
2024-02-15,57.1161487808889,9.224789440706186,0.6403444343923532,8
2024-02-16,38.75357908162131,-3.5188545247120118,1.5433903217401743,6
2024-02-17,34.65885829264378,8.587638646934888,0.08854116353232501,8
2024-02-18,62.77676821898509,9.5060327719446,1.735806079258283,8
2024-02-19,53.323140119795916,-5.439254406140557,7.41715226064056,8
2024-02-20,42.51513463443446,-8.159511186679955,3.64864637786035,7
2024-02-21,65.51151975522524,13.422847582053194,2.139286715466708,6
2024-02-22,51.156746342928585,3.7940127130796046,2.3240003157968268,10
2024-02-23,61.792971840638266,-8.255086134835727,0.006772713471739074,10
2024-02-24,50.67518481410109,19.845989515093013,1.7819501195560352,10
2024-02-25,70.60747924881987,-8.266583170109001,5.198775432802587,5
2024-02-26,67.55340842443204,10.851056865756597,18.285827271425898,9
2024-02-27,47.51035851520926,19.510367757902408,9.388574993123456,4
2024-02-28,59.71570950954356,-2.824596873522232,0.1193889170775825,10
2024-02-29,56.45375949585147,-5.732518939384114,11.441468746111294,5
2024-03-01,63.68631557532349,-6.358451817327133,7.643863453550762,11
2024-03-02,40.35076539419896,-0.9017455729721338,7.579194241744998,11
2024-03-03,56.86051459998439,-6.968625669680599,3.0624072642822298,5
2024-03-04,60.58424486849588,10.764840250823958,2.5375331299759782,5
2024-03-05,32.41260513576886,-8.131246056098119,1.804244849911565,9
2024-03-06,38.16741487334225,5.28266384449369,0.33976095317135435,8
2024-03-07,29.607678222398995,19.900905615589302,1.2953782521651376,6
2024-03-08,47.305931655554424,14.419108085180564,1.4158190425046666,1
2024-03-09,57.17542255795962,8.456583146930328,3.308989422796835,7
2024-03-10,65.02357052096028,-0.8123913764016493,6.880619413033578,9
2024-03-11,50.74094780419775,8.716875088749156,3.2104629430782743,6
2024-03-12,66.28615545571292,5.8112439173495485,0.29792445031242043,12
2024-03-13,36.198985417851084,2.782501516711145,15.825467021983783,6
2024-03-14,32.96617560644845,-6.078688697794016,14.299395811760219,7
2024-03-15,49.44452301103381,16.598126457214,7.689996178639589,3
2024-03-16,53.840654489393074,3.4935394646396762,23.738222416799715,11
2024-03-17,49.67305251905907,-4.161324645377048,3.931603883231449,6
2024-03-18,29.325578999601234,1.0327805263186889,16.4529803989145,9
2024-03-19,49.10879960487212,2.4238925758678107,0.39307926724584913,4
2024-03-20,36.95530499495147,14.82613686700623,2.276014498231384,7
2024-03-21,56.69672548830039,12.008431416842061,1.2769216469929554,8
2024-03-22,53.66598246096848,13.079146809240193,1.089742122761541,7
2024-03-23,40.60120213672645,-9.669062067140583,0.758784936855425,7
2024-03-24,44.861330826633065,2.4846199453928453,4.8697798619599055,8
2024-03-25,39.40786478111048,4.440324549059708,7.600771455615799,8
2024-03-26,49.37320902726828,-9.424231695308299,4.3172866134791335,4
2024-03-27,59.551423205012384,-2.205603737648973,0.7947600783391258,6
2024-03-28,40.14273953664456,12.808694693664052,8.333316729073271,5
2024-03-29,55.040465155178445,-5.886708828130028,5.052384941086984,6
2024-03-30,44.69742381627559,6.059303943577749,2.4564689738889043,7
2024-03-31,42.07127167737656,-3.543943839482875,5.60628828533534,5
2024-04-01,48.929696400454425,-9.636376760683202,1.5048834729935856,9
2024-04-02,39.64757677580626,-2.763956272013756,2.117067672469814,5
2024-04-03,44.46350694652818,19.276212647301612,12.473927009813524,4
2024-04-04,38.021221074111516,14.046113356489688,1.71600566445232,10
2024-04-05,69.6472513291639,18.787299329631,3.174280685649471,5
2024-04-06,50.35263551971729,4.635621317790873,11.042794021308753,6
2024-04-07,43.00274492007414,-6.707914039674895,6.150238259218661,7
2024-04-08,52.13979910734222,6.43878466921079,0.32111006237036377,8
2024-04-09,48.8767195030917,3.631320036798826,0.7967553170232788,6
2024-04-10,47.79030400466777,15.330712482188478,0.039362488619868075,1
2024-04-11,56.14166700043425,-7.057522576472662,4.983733534007458,5
2024-04-12,57.57507710047305,4.647234110653345,2.9680789350511687,9
2024-04-13,44.69498852389472,-5.498540059180472,0.7209390029505175,5
2024-04-14,44.2418175935532,-0.25972219329820057,15.842591716576111,10
2024-04-15,47.24948302848356,12.120712321633988,3.7714942731423133,6
2024-04-16,26.98078835264415,4.2805438810629965,1.3846556515460238,9
2024-04-17,34.84808937801448,1.2766485543730806,3.4717752602625778,8
2024-04-18,63.66874267444525,1.8342883571010589,5.691242631366281,6
2024-04-19,66.44967713501283,3.783403052179599,0.39651067385025407,9
2024-04-20,47.50963960443622,13.550496315111708,1.6058758829254645,5
2024-04-21,55.765569630557664,16.76254066820703,8.22443151175426,7
2024-04-22,53.112501545435364,18.66004059511785,3.0778286077867363,3
2024-04-23,80.78880808455239,13.607101587658853,3.9546506380290176,4
2024-04-24,61.195749114345766,-0.5377931275596186,2.8353575840115566,10
2024-04-25,48.72082408519233,10.644041182596265,0.22446354450078515,8
2024-04-26,40.44459559399574,3.1280937216617577,0.9061094871259683,7
2024-04-27,33.93553679742428,-2.3598813386184645,2.9488178371113802,8
2024-04-28,52.03463635867223,15.226147382777679,1.17345904124512,10
2024-04-29,42.436492547156966,-8.84720953113025,0.2563560976806342,10
2024-04-30,35.77746290402326,17.052859764062706,9.278280231937154,8
2024-05-01,43.534271157574736,3.8443239387420256,19.867505515976198,9
2024-05-02,39.18451996385605,9.116044304248412,7.878634682838712,10
2024-05-03,66.87141635072564,9.78061766617348,9.613383011347391,7
2024-05-04,58.816397569494505,16.85353222119609,1.3852086135460566,7
2024-05-05,49.92027358683383,9.100090465016219,16.17337177429394,10
2024-05-06,64.79944138890026,8.418007542801853,1.096540234206891,7
2024-05-07,50.77368307647618,-8.000438783179302,15.123726591010257,7
2024-05-08,41.38715798671736,5.552240658356123,26.314069659946476,6
2024-05-09,65.23124077269657,-5.49492997548875,6.219163908423409,10
2024-05-10,55.38910043684659,12.123013061644567,19.85454944713223,4
2024-05-11,39.62753845673544,5.366657624380235,4.214501812797032,1
2024-05-12,48.09661321916392,10.4068333762506,1.5024303624615976,5
2024-05-13,41.24381746615243,-8.749812981928471,2.872341714964048,6
2024-05-14,36.172002690356635,-7.456239518625903,4.501606318808089,5
2024-05-15,59.26177547531641,11.489701641880469,0.3794485110692194,8
2024-05-16,69.0941664047013,-7.8374699200397995,4.868848016974755,5
2024-05-17,36.01432426180859,-7.862298167042242,19.86360103937694,6
2024-05-18,55.62969236690571,-9.636745742953376,1.0542697055766685,7
2024-05-19,43.49357430878173,18.695041948984404,7.865412180781225,4
2024-05-20,45.12874616235304,12.125250783770209,11.924336194756286,7
2024-05-21,44.07606075761131,0.5975422550619243,14.38544517946248,8
2024-05-22,41.36009230320184,-1.1039325613703426,16.111358472240994,6
2024-05-23,50.48521627944827,0.49109689237548615,3.685073610284772,9
2024-05-24,41.69049883588962,13.239605935435456,18.92869392429678,11
2024-05-25,52.704568257798385,9.841118332112433,7.079856118620867,8
2024-05-26,49.49761890550863,-4.444132963975962,0.8817258724042814,5
2024-05-27,47.6105195313359,-4.77671993997747,3.2399141606916015,6
2024-05-28,40.92436337958402,-7.0481305085980805,6.33511639460626,5
2024-05-29,44.23228669431667,9.809081591040144,1.4207104998989795,6
2024-05-30,57.55391225825756,12.93117986665208,5.116807762306764,6
2024-05-31,55.009171876243805,-2.048607150249879,5.492068727594814,9
2024-06-01,40.22444755201449,-9.371651169072615,0.887862718992548,4
2024-06-02,50.99332305429226,-7.534849975707179,4.16302693854329,6
2024-06-03,57.51387123371789,19.035801045350915,7.38387316020698,6
2024-06-04,33.305947188786284,-1.1366566756773917,3.45470472579968,6
2024-06-05,55.43360192379935,13.07669443514401,0.060884779438501666,7
2024-06-06,43.37376241054153,8.739907065627914,0.045397819254521424,9
2024-06-07,55.70598668593159,1.4581891895868768,2.2082809591005335,10
2024-06-08,42.367408434574834,-3.829382134133347,13.03158088526201,6
2024-06-09,31.95117899335481,-6.358407455217807,1.2982388548195847,8
2024-06-10,33.72457562116837,8.450389041165998,5.0305806252761,8
2024-06-11,50.48084946661382,13.239013419133638,1.2556313986525485,6
2024-06-12,52.59722501721482,9.317127606233921,1.9406068427327785,9
2024-06-13,40.956833748955916,5.90906399747475,9.420758508770627,6
2024-06-14,56.38592458777374,-8.741463297050911,6.525626528131986,9
2024-06-15,33.3847993773104,19.054663327831513,0.501308115183345,5
2024-06-16,49.33920201352684,13.961425749637236,2.799221753900893,5
2024-06-17,37.889838002375434,-1.2153388989710585,0.14801829901126068,5
2024-06-18,43.48163892197841,19.39910988076552,3.2781987731790285,11
2024-06-19,50.47398671316414,8.056447689089662,5.429971334477727,7
2024-06-20,41.39586634716048,7.472679746217395,0.630666267184792,5
2024-06-21,46.154444557701744,12.442195382885963,1.7046051616351723,2
2024-06-22,60.0629280921444,14.353093642704128,2.5361324214142518,5
2024-06-23,44.23108130476851,9.69435821994508,12.59941784148555,6
2024-06-24,58.35692112065142,-6.157127609013999,24.994780379511752,7
2024-06-25,38.702931453423815,0.14802517983495278,0.2297553109084137,8
2024-06-26,55.298041779152825,17.842509209781493,7.156624401502873,6
2024-06-27,64.41568620657901,-3.2615316446844425,2.323879121527445,8
2024-06-28,25.283554998727105,1.1650107151253994,2.4916713844208656,12
2024-06-29,42.03104744529523,2.962306488325879,7.017507254976709,3
2024-06-30,55.7707212718054,3.1821496908335654,12.531249964185863,7
2024-07-01,47.96954613957007,8.388187474835764,15.07239393293603,4
2024-07-02,53.71145873371309,18.292275132341228,4.303364717227319,10
2024-07-03,43.960148132841795,-2.7792186450248515,2.20899500324707,11
2024-07-04,50.865897874729,-6.354958710972458,7.745221547885493,6
2024-07-05,48.44322764607921,-4.075885304201881,1.445090711393864,7
2024-07-06,61.67782061659807,16.607747006278085,4.151414204758868,12
2024-07-07,52.54420843301213,9.37432437965618,2.2203420593832677,2
2024-07-08,53.37602662075202,-1.4227963228251959,5.344749114938969,6
2024-07-09,45.881230338775325,14.478408169058518,1.3748093444425482,8
2024-07-10,45.123937759275066,15.841099890903081,1.063447836422213,8
2024-07-11,45.67441812180379,15.39543016070834,12.519779908948435,0
2024-07-12,53.944521423782966,17.567796009186633,0.5368330935189589,6
2024-07-13,45.79015519179737,-2.432769394799152,3.5256727920490882,7
2024-07-14,52.89774856896413,12.651257862388348,1.2477763444526255,6
2024-07-15,70.75400798645438,3.8161849182242005,0.19853996856933326,7
2024-07-16,58.711247034316926,15.259956586701847,0.1834175280566355,8
2024-07-17,46.73976467832159,11.854720314848397,0.9632037172916342,3
2024-07-18,62.012139221639444,13.293423394991738,10.078404909353614,7
2024-07-19,45.91924626978449,9.684855130432144,1.6597635333402472,7
2024-07-20,29.61875464822146,-4.677136915908794,15.024790562678799,3
2024-07-21,39.91913689082596,6.3508075669081485,4.356853245869319,4
2024-07-22,31.292080789741444,19.540092185735247,2.8689530490754382,4
2024-07-23,46.48486515958692,18.121641994913567,4.338560505970516,4
2024-07-24,50.184183791895514,-8.70478792608965,3.6355717949754327,3
2024-07-25,66.76437312275283,-5.055555528116886,7.110151842746742,12
2024-07-26,53.269273737641626,-6.048136796363143,1.6598842419936322,4
2024-07-27,47.80899471191136,11.779397299558866,2.1774343626131327,9
2024-07-28,58.294055811834895,14.53355989570835,11.226031136902604,6
2024-07-29,27.88864690992115,-3.594659010679843,14.636305584720752,8
2024-07-30,52.356145581085656,5.1755807885548695,11.154031145986536,3
2024-07-31,57.708651938869664,15.221090840336,2.71887946748747,6
2024-08-01,35.214137542201584,11.984046342987519,7.578952457757636,9
2024-08-02,61.43754043206929,6.26711616475545,3.2345225620584084,6
2024-08-03,53.38496407494414,7.710430713763188,3.441194749736848,7
2024-08-04,45.847120860991986,5.250816407488399,1.1450543335802255,9
2024-08-05,56.32781866106285,-1.0735464604353826,4.471793817869971,8
2024-08-06,72.70692857804396,6.950659785770483,1.0298093873716538,1
2024-08-07,51.81866255058495,10.66655906150272,2.014078347864592,6
2024-08-08,52.48220586300336,16.19968747582423,9.656149226451774,9
2024-08-09,45.40639100459756,9.088740619377443,1.1601382995655154,6
2024-08-10,41.50155630535208,12.83364611129474,0.36908468501513136,7
2024-08-11,58.303358165442454,-5.19785095136281,0.35752078534477316,5
2024-08-12,41.43916174091133,3.8467242325936972,14.13286146641773,7
2024-08-13,50.715662372193925,-9.720051405187201,3.5354236725789976,4
2024-08-14,45.223425532348834,-2.599634064351309,2.6331837490083188,7
2024-08-15,54.78979825746392,11.793851453390147,8.326830208309165,8
2024-08-16,53.33662105286948,19.754298540480903,9.034139994404848,10
2024-08-17,60.375399442578995,-7.024657012383523,2.018765620314438,7
2024-08-18,44.89983601145253,2.0448294758386467,5.914613885831744,7
2024-08-19,47.30125064706629,14.002129060974784,7.37284866529631,12
2024-08-20,40.21236284217693,-3.878930961133035,5.315994361736102,8
2024-08-21,45.55706739923888,6.652548479068589,0.8219862551402466,5
2024-08-22,53.77300493044852,11.992138880890245,10.43265641370974,6
2024-08-23,57.56988616645352,8.47956350780537,3.872811802854619,4
2024-08-24,40.77834675822375,-4.359257961537516,1.6597195097022186,8
2024-08-25,58.6960592010566,0.6615370605721829,2.7689108059388405,5
2024-08-26,63.55637858804951,13.513753534561918,0.19147537851351137,9
2024-08-27,54.13434903223701,6.626795423960498,0.68406557923332,6
2024-08-28,68.76795812558066,-9.843111593712617,7.252495367560702,8
2024-08-29,42.26210800896427,12.829722800842816,5.817411525216162e-05,9
2024-08-30,37.55345296688583,-8.940659351792828,2.6941182510663553,5
2024-08-31,32.212797510957216,12.372013481936964,3.6960622046693654,10
2024-09-01,64.96044311489183,-3.9255831950428774,0.2809178457824846,6
2024-09-02,56.54365656354058,18.742204403581407,18.074087681393877,9
2024-09-03,49.44415329089545,1.0382225390625344,1.281726725915564,9
2024-09-04,52.799686263198204,-0.19205150985762742,1.813455880670851,8
2024-09-05,38.74510952701623,-5.53335849002666,1.811615123619793,7
2024-09-06,74.45751979616827,-0.8318735352935533,1.3095301511269732,6
2024-09-07,51.292211819752275,16.299522854846018,0.00737454615192529,8
2024-09-08,51.09394794604893,19.89003012881742,6.534547855373437,1
2024-09-09,57.25766623898692,1.0492859152054503,17.032884094513744,4
2024-09-10,54.810092317367136,3.4583189286362774,1.269905152221055,8
2024-09-11,52.23884024279131,11.662128146082111,5.439061967302936,5
2024-09-12,42.09525544554688,16.585873413952235,6.77196970640312,6
2024-09-13,54.714683571359956,7.791330025603525,9.433386140185174,4
2024-09-14,68.82024496475034,1.7457709453348809,2.746352896936128,8
2024-09-15,63.454200461549775,2.3786552254587114,1.8043537102967462,5
2024-09-16,65.93186626639397,10.868544394904205,1.967399596573177,7
2024-09-17,44.88784323568815,-9.903452091871639,6.234772679962116,6
2024-09-18,40.10395179741419,8.58768012379522,8.485323753150265,9
2024-09-19,48.74213079900352,0.6647903132407222,1.002105658208199,8
2024-09-20,50.557249122886944,13.825919938312527,2.317651199833902,3
2024-09-21,60.94191518470949,-7.210280805306035,11.610888745885164,6
2024-09-22,33.07535370285181,7.646068008451714,8.217391843646855,6
2024-09-23,65.29550319460614,4.429186696583713,20.951547693411882,7
2024-09-24,48.419921014210104,9.26976577715682,7.017167191600205,5
2024-09-25,45.7311893005258,-8.054392165510949,2.497740614418322,8
2024-09-26,39.87895624739832,7.399513622843937,4.46577511649979,3
2024-09-27,33.451433281342304,6.844537638785713,5.408986102064621,5
2024-09-28,58.231705839619146,6.819802832485127,0.4085227772741556,9
2024-09-29,50.73317967188404,8.104629997893646,3.9317644317620526,7
2024-09-30,37.10039100258946,10.294038116790865,6.177675616784138,12
2024-10-01,37.04921227936384,14.149669990423092,0.9155371515647235,7
2024-10-02,46.64215300709872,-1.9053783961535693,7.5850165298705585,6
2024-10-03,66.69021525289392,14.751482305401861,4.382619835734714,6
2024-10-04,47.40408648636395,4.94767046790361,15.20592755555257,6
2024-10-05,34.96857046881894,-7.688251625970065,0.2167420526105625,7
2024-10-06,47.54256935914056,-8.243472122680624,1.5416430140471902,8
2024-10-07,47.27276430252329,0.027149560881824186,4.600914975811219,13
2024-10-08,23.031133570584284,13.546909313344027,1.758862845523176,2
2024-10-09,49.45705133482188,11.230428042227473,6.266238300943795,7
2024-10-10,47.69065469791322,13.658448940172192,7.114901324549239,6
2024-10-11,56.96206364813418,5.518071693248281,0.5407997301929703,2
2024-10-12,68.48956094945345,3.205969938664717,3.606236217725379,5
2024-10-13,61.26565029547757,-5.576424198811481,3.5554413749490776,6
2024-10-14,47.31111309445169,-0.1542173917206533,2.304472380936284,6
2024-10-15,38.934740912583294,3.0205809852162577,13.509709168835878,8
2024-10-16,75.7335980324986,-7.341987109611483,8.78697340064041,11
2024-10-17,50.59218434014488,-3.381641418663662,5.973568708741899,4
2024-10-18,50.13929291912946,7.946758821912166,6.264531019127748,6
2024-10-19,49.758749128899964,12.069893427175696,3.096846221146379,3
2024-10-20,51.98084760767855,19.95042534178849,12.691190378560188,8
2024-10-21,48.556395880760576,17.99339994030673,5.9305895666710455,8
2024-10-22,44.26337993119763,9.276955986055746,6.527832886776416,6
2024-10-23,44.53141058759608,2.6374415988221607,9.89132135435786,8
2024-10-24,49.672467297840015,9.08532094124698,1.6015193846438724,9
2024-10-25,44.56575228866235,13.56954854240696,8.227162675622996,8
2024-10-26,42.871542173228356,-6.449914272298381,1.0860596594951664,10
2024-10-27,51.064302276918966,2.2971466908886473,2.1182112208300725,6
2024-10-28,47.450227825791444,15.194068569068516,2.044433181351139,7
2024-10-29,65.0399298858269,1.5149885579913196,19.204438111263077,11
2024-10-30,23.490301916069882,7.1561681368155945,9.708398381862212,5
2024-10-31,60.91506851922462,7.633080825865946,6.03939982992444,6
2024-11-01,62.46085192497629,-4.4657124059908195,6.492457117101072,6
2024-11-02,29.266097675918505,0.8670632495686519,4.128512898420655,10
2024-11-03,46.573124059196516,0.03533866225796345,14.695877652546008,9
2024-11-04,46.28559134004209,-9.214098744038056,3.4284627066052793,4
2024-11-05,35.924883052821784,-9.274247083259343,2.394355828410854,5
2024-11-06,42.22183312409125,14.950911310273202,0.8898671397007586,7
2024-11-07,38.894241545341714,-1.807875700815627,7.7137035894156,10
2024-11-08,67.52270443423623,5.542362987164463,6.629646409861012,6
2024-11-09,59.35678393147461,-1.0382327923368084,2.4254242142454214,7
2024-11-10,62.71555094994159,18.220377353460215,0.1275810047719554,6
2024-11-11,57.21672064043235,-2.2210972340267876,9.131671580553208,7
2024-11-12,38.70948228782771,2.889704382168052,0.057418345521317776,5
2024-11-13,44.75479733720226,16.181907514538054,6.0819104033011895,3
2024-11-14,54.89374561227918,15.258007003754258,17.57582578969906,5
2024-11-15,37.778721911080545,-4.416957464611681,2.8782549581847943,3
2024-11-16,57.12998430172388,14.079299293871312,1.3392234052435346,10
2024-11-17,47.59674601841865,3.74560660213678,6.101713820598991,8
2024-11-18,46.251791924504026,4.489066162560656,8.494848005046627,12
2024-11-19,57.10959968203491,-5.995600827521686,3.953031815944503,5
2024-11-20,54.4426331148604,-7.58195458728626,17.061586182015414,5
2024-11-21,46.3903383418092,11.838179209212957,0.2652569402128082,6
2024-11-22,61.59329803364248,4.893834570658992,3.5139233446428686,3
2024-11-23,39.189366724001026,3.1055210784553857,6.337296236748891,7
2024-11-24,56.15935606944264,11.8852468595719,9.925767462153395,4
2024-11-25,55.93101257968384,12.965386969733292,0.9877178007997744,6
2024-11-26,46.904535606860094,-5.232754969919393,8.047276607020212,7
2024-11-27,53.26133022242118,8.30675448432924,4.022707936999149,8
2024-11-28,37.488864236146966,-5.939377531669434,2.5254909675138966,5
2024-11-29,59.24027019206901,12.541252580871369,0.7061765505724636,6
2024-11-30,48.15097863557011,9.708654688014185,10.023368553021275,8
2024-12-01,44.772769794809605,18.698438632503738,0.8555623193815549,7
2024-12-02,60.49009225836889,-7.931259509307365,1.8537813911121623,5
2024-12-03,42.95656309457241,-8.28835836546237,1.712772202638604,6
2024-12-04,35.91538703636441,-1.5343877592039963,10.255788018501551,7
2024-12-05,34.433708264760966,-2.1488294879228214,5.584436228630647,6
2024-12-06,56.06009951345639,-2.590636027840006,7.964905291553204,7
2024-12-07,37.19570647503717,17.1876374156311,1.4415306609661314,4
2024-12-08,67.54794181984364,-2.5136140045148174,4.902467874882831,7
2024-12-09,29.18070592116278,-1.8415082161410705,4.24019381061268,7
2024-12-10,66.96456368290038,12.781947872538911,8.943731370964587,5
2024-12-11,52.11017467202618,3.4921952735162005,11.826935506050372,7
2024-12-12,49.032868881296075,13.301316708655435,0.061156347044856244,6
2024-12-13,44.550809131910505,-8.039015273068443,5.60459500444768,5
2024-12-14,53.991361143520706,4.62713581020153,0.2661379202311137,13
2024-12-15,49.62365297575152,-8.99159199450152,3.979873036849448,7
2024-12-16,61.03301882016521,-8.120403896339365,1.69580835284943,7
2024-12-17,51.142276486620396,17.193123600332328,1.8320148226473094,5
2024-12-18,51.50301761461878,-5.822638866472145,2.1767242483955855,11
2024-12-19,46.36387787786144,5.972620468256514,4.854955025691306,3
2024-12-20,49.43054376278933,2.332868078021196,2.03270317391417,10
2024-12-21,53.07801768892059,0.42029978776528054,6.596900519963843,6
2024-12-22,32.89831607343375,16.995000370618175,2.591999393869146,6
2024-12-23,36.518145778942866,-9.345298096735315,0.35400753206794394,6
2024-12-24,57.43264094022715,9.913690585267673,7.656828242916668,9
2024-12-25,51.708654381279416,18.901833026406514,1.6826694647585692,9
2024-12-26,48.16016663647321,6.805045503855258,2.8349245633047144,7
2024-12-27,50.184339330653934,18.104673860992754,5.782963935159129,3
2024-12-28,53.47581705361671,-8.432263621419287,2.020751043452489,6
2024-12-29,44.60240319690639,2.5637995722248412,0.29124851911949046,8
2024-12-30,42.216952745976876,-2.1952662711384647,2.3413939642607366,7
2024-12-31,51.958452550976816,11.924628949421894,14.452231245840162,5
2025-01-01,40.21627222384968,19.4389127149174,5.13240330335556,8
2025-01-02,54.082527557144715,-2.3040981266725655,5.565774843475207,9
2025-01-03,32.9741639576216,9.625238044222233,5.002196783680692,3
2025-01-04,60.29155637325644,-4.057071017207797,1.109422589643863,11
2025-01-05,54.72597482413043,6.959907637148298,2.7092932275544612,7
2025-01-06,52.56029734313876,3.9179746006500853,6.95030319049337,7
2025-01-07,59.82690983945514,19.16015988894611,0.5344356102718182,8
2025-01-08,66.65474444462576,8.255818180893996,1.627631248216475,14
2025-01-09,60.1437006501813,0.4851911626045631,1.61702370654051,12
2025-01-10,31.591257686683548,-6.577126453361998,2.8283359202299048,10
2025-01-11,37.204230332642986,-5.462595137951963,19.65316066639828,7
2025-01-12,43.75181422304321,-3.240492101462947,0.3494442924806149,9
2025-01-13,50.26091050210834,-2.4710001597910605,3.6563328435297366,8
2025-01-14,55.17659020469123,15.518481735234133,0.9883823033775565,4
2025-01-15,42.742561868465344,6.8366836484757485,17.646837926128867,3
2025-01-16,51.86766764477078,5.701727341230994,0.6012626257777125,5
2025-01-17,42.44617067646678,-6.556933843923476,2.584226883898694,7
2025-01-18,43.884821970080516,15.804190800483049,6.694859411838541,11
2025-01-19,35.93338903151778,11.684429096254512,6.09635324351578,6
2025-01-20,40.76766753889096,-7.969949142999953,2.747214115099548,7
2025-01-21,36.48315394383666,11.23505291689306,2.127248644659102,10
2025-01-22,40.241267470226674,6.3061465202793805,2.5342707571706296,3
2025-01-23,60.536417966078396,-7.548239627596653,1.5345029413501967,10
2025-01-24,40.50601111168057,3.749019245859694,1.1491602143566875,4
2025-01-25,76.32382064837391,4.540888613901409,3.298945959341901,6
2025-01-26,54.93317900880889,-5.026763795101727,1.5635210297696756,6
2025-01-27,51.84836123694874,18.37094441000847,1.694607823168569,7
2025-01-28,41.41642219818787,15.499261144419858,5.3465694969159205,3
2025-01-29,57.003098794089915,10.070670119873249,17.294767846531578,9
2025-01-30,44.24362173762226,3.8688668300182165,4.627126634713337,11
2025-01-31,51.220098146453616,2.352966247535255,0.4005189942997255,7
2025-02-01,75.60084538268795,9.529204014528624,0.39296337244275537,7
2025-02-02,49.0394010027535,6.3629560822071625,15.12304828716215,9
2025-02-03,61.49273326285676,-8.131806823543432,1.7640605735917971,10
2025-02-04,42.96823574874112,5.375079463109952,0.4829233816040338,11
2025-02-05,49.65011509503038,14.192108516985186,4.56952523879412,6
2025-02-06,67.7080063563551,3.777196327908742,4.886162356502919,11
2025-02-07,43.730329422122324,-8.441302673371947,5.227796404115659,4
2025-02-08,68.12448557996929,13.588345981520995,1.5557909833478298,5
2025-02-09,57.07751935455475,-3.9590865359207683,0.07613006942445556,11
2025-02-10,44.37533224105732,-2.2413749533588367,16.764232206039814,3
2025-02-11,56.32407739055521,-5.058809397031123,1.4443675475963291,5
2025-02-12,59.7255444962673,-0.09354805385507348,5.635464512230804,5
2025-02-13,56.21809962217196,12.70254517065905,6.13160112225038,6
2025-02-14,34.297752801095434,5.581575785118121,4.708137790959099,12
2025-02-15,42.728628241751316,-3.8535617754786236,1.876430992420446,8
2025-02-16,47.52481364448495,16.334902344561225,1.5810679551628297,0
2025-02-17,49.25566570899954,16.387455648545874,4.552391816101794,5
2025-02-18,56.206720975506784,16.117352751380206,10.053147087469952,6
2025-02-19,51.777010009332535,-2.8361136585538214,14.662259804712816,7
2025-02-20,36.64655641289899,3.5371803254296434,0.5597207257871357,9
2025-02-21,53.801978510059634,19.54968968422625,0.841079234315485,10
2025-02-22,56.10585745283823,13.16037428929971,14.478191298494597,5
2025-02-23,55.5979044793104,-9.184977363233205,6.669178069043613,4
2025-02-24,60.807807255546216,-8.043862262185238,10.727642831722235,7
2025-02-25,58.33922154548904,3.9179413043699824,1.1321988527499602,8
2025-02-26,54.59180079228437,17.276606175846805,4.428636336323545,6
2025-02-27,49.29834288541353,6.161053938581425,6.038893427855406,8
2025-02-28,33.39039066484008,4.934375241028707,5.6989199317458885,8
2025-03-01,54.296182191325855,-6.835789001301082,2.622524557519717,6
2025-03-02,52.076876871631114,9.70340314172882,0.07757311732207486,5
2025-03-03,52.715788371953735,14.663094818006766,4.372458755453356,6
2025-03-04,37.232514241796906,1.4126002252268695,1.4591301618925725,7
2025-03-05,39.189434595917376,13.268355527759823,2.9914968667385016,9
2025-03-06,60.53152853332904,18.934299617024347,15.800796297502718,3
2025-03-07,49.60444846143345,-3.8870062261693272,2.546095554848561,5
2025-03-08,56.81500697372624,5.699888935842239,9.156711367572209,6
2025-03-09,50.28318376130461,-1.385861257462734,1.0446046558564828,7
2025-03-10,50.297561394957455,13.785632571015181,5.580733072314863,3
2025-03-11,59.382838059759976,7.327800976434727,18.86281737842832,7
2025-03-12,44.83955271782626,9.037472526509113,0.5373308821031382,10
2025-03-13,50.96120776940983,13.937424788476822,0.04177373062622429,6
2025-03-14,45.377247112949576,1.8791141798736462,2.8421217841253443,5
2025-03-15,45.65503772567684,17.452702052211297,0.48599997869304995,4
2025-03-16,46.908278765313604,5.990866017384199,6.899262764478805,4
2025-03-17,52.22133771633713,-5.26135531493956,12.29904116448158,7
2025-03-18,45.212513783365225,10.876973545064075,2.8459912786061885,6
2025-03-19,62.55756125573521,13.797840513147634,1.4968279124765962,5
2025-03-20,41.05392697780496,-0.49714968797420056,2.849370162666727,6
2025-03-21,48.13128355838641,15.715377709962588,6.426778759780297,6
2025-03-22,45.60268941725825,17.184297642972993,0.04547699803614305,4
2025-03-23,64.46977884353733,-1.6928653786657328,4.45133636144739,10
2025-03-24,51.965547765115744,19.505644181456663,4.7504228892607285,10
2025-03-25,60.31844539468635,-5.778654158537248,5.076251206765839,1
2025-03-26,35.14439626963028,-3.939529947925301,1.3855051151320081,6
2025-03-27,52.67050265869259,-4.473254822859216,6.259739163161683,7
2025-03-28,58.89630795623437,16.819691300236112,0.47920477802918,7
2025-03-29,50.82283989275424,9.628776569748855,1.111159437946992,7
2025-03-30,60.654803750653514,-5.436871503331814,10.496998808902605,3
2025-03-31,44.82711549899628,3.2097025510504693,6.710873543226646,7
2025-04-01,64.0934744018558,8.458940752094062,0.06920449429463241,5
2025-04-02,72.9889812361925,-7.496077450318501,1.4275971324184038,9
2025-04-03,46.37161439560341,16.47249105222016,1.2065788712923633,9
2025-04-04,45.54497478599228,14.108106063246055,1.579079571346389,10
2025-04-05,64.533844771177,5.156203207299146,1.4221685722856123,3
2025-04-06,65.79572145730712,19.013798457775113,0.3228328516165735,4
2025-04-07,44.771399728467316,2.532829378252991,3.0711302767106776,11
2025-04-08,45.798131829041424,19.523309571094934,6.597544483496352,10
2025-04-09,47.18215391139493,10.03759996410881,4.666316328474586,11
2025-04-10,36.555494889657226,9.040138197618244,5.587013671515734,4
2025-04-11,40.81348053515802,-5.0213531411264505,0.42315748414097476,11
2025-04-12,39.95859233247932,16.45783274913932,15.129999783170069,8
2025-04-13,42.32202434895871,2.8246906376184544,9.115997865791446,8
2025-04-14,49.65315112613219,-5.132997826525619,8.176094997440988,6
2025-04-15,52.342147325365204,-9.62177440072723,8.657570268273654,3
2025-04-16,65.50500492814076,6.792670509151478,13.493755965981919,7
2025-04-17,40.016459592612094,5.82198866368029,3.9290978392501765,9
2025-04-18,59.843223984765835,11.580608671074756,1.1174806789967353,5
2025-04-19,47.86011155774491,16.707741590534063,4.795777283987891,6
2025-04-20,49.50536290347567,-7.617802460709115,6.791090931174177,4
2025-04-21,56.74819492166604,11.944894710210871,6.695477661867003,5
2025-04-22,38.772779784377015,-4.377641677072534,3.684962705983576,7
2025-04-23,53.82409746184051,15.74531159471492,0.35457386793518536,6
2025-04-24,51.66452208213056,14.571905415849685,2.319017953781472,7
2025-04-25,54.92451264008149,6.22381264956633,12.676787293516332,3
2025-04-26,52.89168643907818,11.307283958699344,4.390748556865408,7
2025-04-27,74.55300139910895,-0.5694966044875489,3.864545690174431,8
2025-04-28,43.62260015748684,4.135036967984439,1.5657072429293193,7
2025-04-29,44.690030449981826,14.64910693131415,2.297882267765736,9
2025-04-30,43.76859473575236,3.777955915196417,11.28548230029503,7
2025-05-01,44.44522880839745,0.7339479597632543,5.490008088730326,10
2025-05-02,43.62612872693482,4.8263734175089965,7.741408965374802,6
2025-05-03,61.89016531107552,14.84747757311655,3.0288457321064928,8
2025-05-04,64.20504247989855,0.056241421126181024,4.974603286775109,2
2025-05-05,44.29253706250524,-4.787152205927686,1.4276460159816908,4
2025-05-06,41.67644426895771,11.360420609923423,6.111716403019921,6
2025-05-07,54.71415556386404,14.779346381242455,2.7895978066118117,10
2025-05-08,44.477769557190285,-6.9808756442940005,2.921872099519876,5
2025-05-09,56.32931817755511,-2.803776617321658,5.239438905266018,12
2025-05-10,52.029230208513,-5.740840307170183,13.766332735548692,3
2025-05-11,34.84255885002768,0.4382423474649997,0.3307329154614954,12
2025-05-12,65.47505201330061,3.5105293671623787,8.70751582603576,6
2025-05-13,67.95877673095522,12.464790108899194,1.729262240730678,7
2025-05-14,43.87211309515614,9.534427546450225,2.9342106461394817,11
2025-05-15,46.122984400640156,8.627857024352934,0.11078495994734697,5
2025-05-16,52.85865390724905,0.571248398289633,1.790852292848194,4
2025-05-17,53.34456789987025,15.243426592542797,3.4921178073381465,4
2025-05-18,56.5854427267283,4.138615021944936,0.28907826423977495,10
2025-05-19,70.1020453876635,19.373148140454635,3.377476767819873,3
2025-05-20,48.2305277250595,9.024264148872106,13.094062255622891,4
2025-05-21,42.01702755461546,-6.212057753064918,0.5568550354541228,11
2025-05-22,36.20680771985473,10.28532686226302,7.228963558694006,5
2025-05-23,42.69069960058081,-0.24687953704903087,2.6353768039866257,8
2025-05-24,49.66873027126203,10.589815900582924,5.323572545600616,6
2025-05-25,67.94557863517788,-7.910765555127828,1.5071243545728261,8
2025-05-26,44.823887009638284,-4.753556884721219,0.8687456019759164,8
2025-05-27,52.237879516388986,15.672117767173589,0.8745213506410947,8
2025-05-28,49.83577103927248,-3.1846132892945533,0.3654990330033584,5
2025-05-29,61.88393273448084,15.1112337572882,1.0268049183884456,4
2025-05-30,75.26932425873622,-1.6217173463676868,5.456486318931661,10
2025-05-31,44.69131227079679,9.286457301761228,10.672260761290975,5
2025-06-01,45.10560557481778,10.824517205294931,8.413422813307038,11
2025-06-02,60.44160877069072,5.379642594351587,5.778045558182285,7
2025-06-03,56.81891489626312,-0.840679699098061,0.5850958690531574,5
2025-06-04,68.46707325736034,-3.6206687088671163,1.7067326074221483,9
2025-06-05,55.839281853259635,-9.004319363127212,1.8539191485798179,7
2025-06-06,46.40707909212941,-0.8816079627782862,1.4381233464810095,10
2025-06-07,55.90654830692309,9.59488371593849,3.618090288086634,4
2025-06-08,61.087035805829075,18.14914455345448,3.83454791469922,3
2025-06-09,58.204821811973645,16.136134467891562,2.207166189586289,8
2025-06-10,55.07274031107298,12.981943296059079,2.183147243924161,10
2025-06-11,60.666746895891535,13.65342029759896,8.817481254885438,7
2025-06-12,61.692955904456724,9.949547104279858,7.786430081345391,4
2025-06-13,63.82158991037527,-2.1913942730199096,1.8393716297835185,7
2025-06-14,56.48709887589643,17.215850921174894,12.254755242514166,7
2025-06-15,48.328819196831454,10.121969357175022,15.268397969230026,11
2025-06-16,51.46713686433323,6.8132189294132,1.978137348938951,8
2025-06-17,62.06508966508357,-6.670315923595568,2.1880690356209325,1
2025-06-18,41.83064329012764,3.411666314192763,3.5223972788543008,10
2025-06-19,53.686733088729014,3.8107481360577893,14.161338022406763,9
2025-06-20,46.06661187672639,15.9369082856801,10.450265554463936,11
2025-06-21,50.28744822934817,6.399446605633653,0.5410894290702714,4
2025-06-22,62.78451862607299,1.4120164691122898,2.4939150011702385,8
2025-06-23,51.910990680199035,19.30400985531978,4.030137157340868,7
2025-06-24,50.46436548156149,-6.67838220021053,3.4971591639203408,9
2025-06-25,36.40143859020081,2.6764528493583377,1.0775083000408872,7
2025-06-26,57.46253566027221,-8.739259744857842,9.788483684779266,16
2025-06-27,56.45484181141075,12.197123623007911,5.649598190940283,4
2025-06-28,71.6325472330546,17.542296565974517,9.097967581497205,10
2025-06-29,46.92221765046999,-1.5988801134853166,9.786625034027141,5
2025-06-30,52.19150327663939,15.750250303973626,6.898696535848757,6
2025-07-01,52.49383683710755,-1.2334530861430668,2.892049236190386,5
2025-07-02,65.77453279763475,17.323104849317456,4.715057297135249,2
2025-07-03,49.047044676130476,12.61885710790352,0.873942445366517,5
2025-07-04,52.790215257703395,14.14720330524316,5.598854061247785,2
2025-07-05,56.078965097165394,-9.459803331986365,0.9877034469695107,7
2025-07-06,51.86609123156358,18.884310712220778,5.920027268512381,12
2025-07-07,45.535663854494715,11.800129762109698,1.3042151555503232,5
2025-07-08,51.94089992898308,-0.8574671384160002,0.6252731117308141,7
2025-07-09,60.73631749859772,14.881839945765407,0.9033215947152424,10
2025-07-10,39.7348470058894,-1.5543640475521023,0.00997061079855313,7
2025-07-11,51.32969674146876,16.18261518698384,6.34237205923132,6
2025-07-12,42.99879185060827,-6.622588287641889,6.591329354919006,9
2025-07-13,61.950466289248425,11.110579323823874,3.6173448731352558,12
2025-07-14,34.76813095216225,6.220954299347309,0.8798854342037745,11
2025-07-15,44.410781527284115,-7.103965894136776,0.43626250762010454,7
2025-07-16,53.772118750645205,-2.7431851522348305,0.09657146158574832,11
2025-07-17,65.65524029234341,-9.627878911680556,0.9060998805753395,9
2025-07-18,49.34249738927012,4.063038963935174,11.075414535748173,10
2025-07-19,44.44800473306802,-0.9620421771999883,1.3823052658091772,13
2025-07-20,68.8115706944059,7.9507245289327635,2.186879373005469,7
2025-07-21,35.51986099583756,-1.0828657687414847,0.5565882570548336,4
2025-07-22,28.011940433799182,-1.00242665479046,1.2574663233084151,5
2025-07-23,54.40014450053332,12.295795961948102,3.661775005095822,5
2025-07-24,44.97945775647389,-8.555714920649397,4.679313638308699,8
2025-07-25,39.787671828692865,17.086849855759617,1.4075213996189349,9
2025-07-26,57.08356447299353,15.567916231735445,0.2973285639384077,6
2025-07-27,52.43800713771199,10.034140496792194,2.479954925116879,10
2025-07-28,44.359213692632714,7.796647103221527,1.3341932089252793,2
2025-07-29,37.19695601329106,16.769074944189565,1.2394481473601149,8
2025-07-30,58.724573282801444,-4.440094614138567,16.077258807530036,9
2025-07-31,56.50201177958661,-7.630925134275142,4.789477740754984,5
2025-08-01,49.00824136220617,-2.814694902713857,4.069555759654726,6
2025-08-02,68.46636996047665,13.83734836100571,2.6873463678898757,8
2025-08-03,39.29915233673847,-8.9598919982055,2.8013429223173603,7
2025-08-04,34.74474829075261,7.484205052504688,3.8924906350990818,7
2025-08-05,43.080919301187556,19.8631254857393,5.960712084619026,9
2025-08-06,49.54413983644502,15.670882815126184,6.055760841675229,3
2025-08-07,52.43339449322692,5.643370671307684,0.9418625811311385,6
2025-08-08,47.5876394214367,-8.090772721400729,3.4668635507154195,5
2025-08-09,53.520553965142966,14.941205431571294,2.6547853333703615,9
2025-08-10,37.48460575809556,7.969355245316315,10.221413266333093,8
2025-08-11,64.4376460407326,-6.552010088212995,4.99047283861855,6
2025-08-12,49.178488216074314,-7.184281455299314,3.801823142536145,5
2025-08-13,61.172958315881274,17.28880458309777,0.6130682839680344,12
2025-08-14,53.42725346377704,10.076007888142353,4.6524286456636785,7
2025-08-15,54.567532191537836,14.878603979502667,0.6233051440267388,7
2025-08-16,55.69767280232204,16.36936700846802,2.0564595718436522,5
2025-08-17,54.47708560017315,7.153170561449667,0.7706648613371263,6
2025-08-18,56.42722759867544,5.523390552651238,5.889473191581443,5
2025-08-19,63.29152530132431,2.9128223096297052,1.1549469593972321,6
2025-08-20,51.9652116970147,-0.49160236626642195,2.4867456483084243,6
2025-08-21,57.09003757588512,3.0378788257613536,11.30121060443565,7
2025-08-22,49.102643057127736,13.216389671904693,1.1427681936507676,5
2025-08-23,64.40117215449473,8.057702930453946,3.544402147474845,5
2025-08-24,43.2360769794073,16.77569869864538,2.717361033171202,6
2025-08-25,68.00940432910815,3.3014004313756313,0.09145146658282576,10
2025-08-26,49.59842049355657,8.212687361562622,7.869343172279621,3
2025-08-27,35.69224897881952,8.93922659275966,0.35772655764686,4
2025-08-28,51.28104414910789,7.750914869189767,3.214695072837621,6
2025-08-29,43.18948342525119,11.07901319256549,4.112616604663264,9
2025-08-30,58.406435489887244,-2.8769959487558117,4.950042355320459,7
2025-08-31,43.47376020697609,5.370913326373719,5.833892980285947,10
2025-09-01,45.538165667852205,-6.87325591574957,1.4602739846099724,6
2025-09-02,31.104592690544692,1.5353398293443767,0.05014449182274021,10
2025-09-03,45.47693680750923,4.6300120586379325,6.426703629946992,6
2025-09-04,25.761206733710434,9.566727786364176,3.8356545643634714,16
2025-09-05,34.16097176514277,18.515931577586105,9.043034056564426,7
2025-09-06,57.604146561442974,8.019531996450677,8.612707276657229,1
2025-09-07,57.85800158650832,12.307817485296795,9.267945682339606,14
2025-09-08,54.254575617849646,5.187981784856083,3.318861004991347,3
2025-09-09,40.33023856870787,9.023120941289939,2.029538999184942,10
2025-09-10,49.5228864385802,-7.872033515986797,7.8404771291596465,4
2025-09-11,49.963974609094315,-2.3682525747445906,3.000963530161353,6
2025-09-12,38.416353108074574,0.855592796154161,1.0132878735771451,7
2025-09-13,65.0339830176715,4.174800650195408,9.654211885867282,10
2025-09-14,58.77362290575671,-8.630537634928487,10.70913332417349,12
2025-09-15,47.79035826170336,-5.79927707340047,3.1396983800225375,6
2025-09-16,50.26885838994531,-1.6955707662608273,0.39359144843978927,11
2025-09-17,52.08382807947552,19.14598072703152,2.4536943501757476,10
2025-09-18,29.582651315757094,-0.05958978690847694,8.136422586247193,8
2025-09-19,47.52822617479403,4.461231743362475,11.602423117498834,7
2025-09-20,43.180157520022014,-4.117068617848211,1.1374696431004256,8
2025-09-21,39.983799901050844,8.32340213227305,0.34660897801817364,6
2025-09-22,47.18899707114045,-1.5795035345207715,10.492121014020714,10
2025-09-23,67.97686526849523,-3.7902226468471962,2.4666064372231298,11
2025-09-24,56.4084286126701,5.497178853379372,3.9018215946856776,6
2025-09-25,44.28821010217203,-9.834826025187375,17.220390602646056,9
2025-09-26,55.72582781356159,-9.77007902052324,0.3444182867956367,6
